Hotel_ID,hotel_name,City,ADDRESS
D36924F8-0780-EF11-81A1-005056816226,עין גדי תיירות שותפות מוגבלת - מלון עין גדי,עין גדי,עין גדי 1
D56924F8-0780-EF11-81A1-005056816226,7 מיינדס הוטלס בע"מ,תל אביב - יפו,נחלת בנימין 56
D76924F8-0780-EF11-81A1-005056816226,פרימה מיוזיק,אילת,חוף אלמוג, איזמרגד 2
D96924F8-0780-EF11-81A1-005056816226,מלון דן ירושלים,ירושלים,לחי 32
DB6924F8-0780-EF11-81A1-005056816226,מלון קראון פלזה סיטי סנטר(חברת מלונות הירדן מ.ה.י),תל אביב - יפו,מנחם בגין 136
DF6924F8-0780-EF11-81A1-005056816226,תיירות צובה,צובה,קיבוץ פלמח צובה 00
E16924F8-0780-EF11-81A1-005056816226,קיבוץ משמר העמק,משמר העמק,משמר העמק משמר העמק
E36924F8-0780-EF11-81A1-005056816226,פנינה בגולן בע"מ,חד נס,חד נס חד נס
E76924F8-0780-EF11-81A1-005056816226,א.ס עספור תיירות בע"מ,גבעת אלה,הגשר 7
EB6924F8-0780-EF11-81A1-005056816226,קליין א.ש. החזקות נכסים,רחובות,מוסקוביץ 15
EF6924F8-0780-EF11-81A1-005056816226,איילה ריזורט בע"מ,איילת השחר,איילת השחר 1
F16924F8-0780-EF11-81A1-005056816226,ארגון קהילת המארחים של אילת,אילת,שיבולים 15
F56924F8-0780-EF11-81A1-005056816226,גד-חי חברה להשקעות וניהול בע"מ,תל אביב,לה גארדיה 31
F76924F8-0780-EF11-81A1-005056816226,ריינס 5 ת"א,תל אביב,הורדים 18
FB6924F8-0780-EF11-81A1-005056816226,וילה נופש הלל כלנית,כלנית,כלנית 000
036A24F8-0780-EF11-81A1-005056816226,כרמיאל פארק הזית בע"מ,כרמיאל,החרושת 49
0B6A24F8-0780-EF11-81A1-005056816226,בתי נורית מושב רמות,רמות,רמות 000
0D6A24F8-0780-EF11-81A1-005056816226,דלקום ע.י.קום בע"מ,תל אביב,בלוד דוד 17
0F6A24F8-0780-EF11-81A1-005056816226,מ.א. חוף אשקלון,ד.נ. חוף אשקלוןד.נ. חוף אשקלון,ד.נ. חוף אשקלון ד.נ. חוף אשקלון
1B6A24F8-0780-EF11-81A1-005056816226,מלון קרלטון סיטי נהריה,נהריה,שדרות הגעתון 23
1D6A24F8-0780-EF11-81A1-005056816226,המתקן של עידו - טסט,ירושלים, 
1F6A24F8-0780-EF11-81A1-005056816226,איי.פי.סי. ירושלים בע"מ,ירושלים,אגרון 26
216A24F8-0780-EF11-81A1-005056816226,מלון עין כרם ירושלים - ישפרו חברה ישראלית להשכרת מ,ירושלים,קרית הדסה עין כרם 1
256A24F8-0780-EF11-81A1-005056816226,אנ"א חיפה - אגודת אכסניות הנוער בישראל,חיפה,צביה ויצחק 18
276A24F8-0780-EF11-81A1-005056816226,אנ"א מצפה רמון - אגודת אכסניות הנוער בישראל,מצפה רמון,האלה 2
296A24F8-0780-EF11-81A1-005056816226,אנ"א כרי דשא- אגודת אכסניות הנוער,כרי דשא,אנ"א כרי דשא 1
2B6A24F8-0780-EF11-81A1-005056816226,אנ"א רבין- אגודת אכסניות הנוער בישראל,ירושלים,נחמן אביגד 1
2D6A24F8-0780-EF11-81A1-005056816226,אנ"א מצדה- אגודת אכסניות הנוער בישראל,עין גדי,אנ"א עין גדי 1
336A24F8-0780-EF11-81A1-005056816226,מלון רמת רחל,רמת רחל,גדוד העבודה 1
356A24F8-0780-EF11-81A1-005056816226,מלכה קורט בע"מ,ירושלים,הלני המלכה 15
376A24F8-0780-EF11-81A1-005056816226,מורובטי נכסים מלון ארמון הירקון,תל אביב - יפו,הירקון 268
396A24F8-0780-EF11-81A1-005056816226,קאזה ברונה בע"מ - מלון בית מימון זכרון יעקב,זכרון יעקב,צה"ל 4
3B6A24F8-0780-EF11-81A1-005056816226,מלון בוטיק אחוזת ירדן,יסוד המעלה,צומת יסוד המעלה 131
3D6A24F8-0780-EF11-81A1-005056816226,מלון קאזה,נהריה,שדרות הגעתון 1
416A24F8-0780-EF11-81A1-005056816226,מלון רפאל האוס  פופינס מאיה הוטלס בעמ,ראשון לציון,רוטשילד 24
436A24F8-0780-EF11-81A1-005056816226,מלון המלך שלמה - ישרול בע"מ,אילת,אנטיב 1
456A24F8-0780-EF11-81A1-005056816226,בראון סיסייד,תל אביב - יפו,הירקון 164
496A24F8-0780-EF11-81A1-005056816226,ג'רוזלם גולד הוטל בע"מ,ירושלים,יפו 234
4B6A24F8-0780-EF11-81A1-005056816226,פאי קסטל טבריה,טבריה,רחבי העיר 1
4D6A24F8-0780-EF11-81A1-005056816226,פאר הקסגן בעמ,צפת,נוף הכנרת 87
4F6A24F8-0780-EF11-81A1-005056816226,מלון גו שטיבל, חברת יעקב עובדיה פיתוח בעמ,תל אביב - יפו,שטיבל 7
516A24F8-0780-EF11-81A1-005056816226,מלון קוסמופוליטן 1971 בע"מ (שרתון גרנד ת"א),תל אביב - יפו,הירקון 115
536A24F8-0780-EF11-81A1-005056816226,חופש יהונתן בע"מ,טבריה,אחד העם 14
556A24F8-0780-EF11-81A1-005056816226,או אנד או גרופ,בת ים,בן גוריון 136
576A24F8-0780-EF11-81A1-005056816226,The house at shabazi neve tzedek,תל אביב - יפו,שבזי 67
596A24F8-0780-EF11-81A1-005056816226,סיטי נכסים,תל אביב - יפו,איתמר בן אבי 5
5D6A24F8-0780-EF11-81A1-005056816226,מלון אורחים קיבוץ לביא,לביא,לביא 1
5F6A24F8-0780-EF11-81A1-005056816226,כפר נהר הירדן,גבעת אבני,דרך חיים טופול 1
616A24F8-0780-EF11-81A1-005056816226,נוף גנוסר אגש"ח בע"מ,גינוסר,. 1
636A24F8-0780-EF11-81A1-005056816226,יש צלילה בע"מ,אילת,חוף אלמוג דרך מצרים 107 107
656A24F8-0780-EF11-81A1-005056816226,מלון אמבסי תל אביב - סאן אביב בע"מ,תל אביב - יפו,שלום עליכם 5
6B6A24F8-0780-EF11-81A1-005056816226,חופשה באדר,בת ים,משה סנה 3
6D6A24F8-0780-EF11-81A1-005056816226,מכבים מרכז חינוכי עולמי בע"מ,מודיעין-מכבים-רעות,נוף קדומים 3
6F6A24F8-0780-EF11-81A1-005056816226,אמ הוסטלס בעמ,ירושלים,שמאי 4
716A24F8-0780-EF11-81A1-005056816226,חיפה הוסטל,חיפה,בן גוריון 1
736A24F8-0780-EF11-81A1-005056816226,ג'אנגל ג'אפה,תל אביב - יפו,שארית ישראל 31
756A24F8-0780-EF11-81A1-005056816226,גרין פלייס בעמ - מלון אדמונד,ראש פינה,הגליל 35
776A24F8-0780-EF11-81A1-005056816226,מלונות פתאל תא 2008 בעמ,תל אביב - יפו,הירקון 156
7D6A24F8-0780-EF11-81A1-005056816226,מלון שורש,שורש,שורש 1
7F6A24F8-0780-EF11-81A1-005056816226,מלון פאבליקה שותפות כללית,הרצליה,שדרות אבא אבן 9
816A24F8-0780-EF11-81A1-005056816226,מלון אגמים אילת - ישרוטל,אילת,קאפמן 7
836A24F8-0780-EF11-81A1-005056816226,מלון רויאל גארדן - ישרוטל בע"מ,אילת,אנטיב 5
856A24F8-0780-EF11-81A1-005056816226,מלון  כרמים -ישרוטל ניהול מלונות בע"מ,קרית ענבים,קרית ענבים 1
876A24F8-0780-EF11-81A1-005056816226,מלון רויאל ביץ תל אביב- ישרוטל ניהול מלונות בע"ב,תל אביב - יפו,הירקון 19
896A24F8-0780-EF11-81A1-005056816226,מלון רויאל ביץ - ישרוטל בע"מ,אילת,הוף הצפוני 1
8B6A24F8-0780-EF11-81A1-005056816226,מלון קדמא - ישרוטל ניהול מלונות בע"מ,שדה בוקר,שדה בוקר 1
8D6A24F8-0780-EF11-81A1-005056816226,מלון פורט טאואר - ישרוטל ניהול מלונות בע"מ,תל אביב - יפו,הירקון 298
8F6A24F8-0780-EF11-81A1-005056816226,מלון ים סוף - ישרוטל בע"מ,אילת,חוף אלמוג 1
916A24F8-0780-EF11-81A1-005056816226,מלון ספורט - ישרוטל בע"מ,אילת,דרך הים 1
936A24F8-0780-EF11-81A1-005056816226,מלון גומא- ישרוטל ניהול מלונות בע"מ,טבריה,מגדל שור 1
956A24F8-0780-EF11-81A1-005056816226,מלון בראשית - ישרוטל ניהול מלונות בע"מ,מצפה רמון,דרך בראשית 1
976A24F8-0780-EF11-81A1-005056816226,מלון סי טאואר- ישרוטל ניהול מלונות בע"מ,תל אביב - יפו,הירקון 78
9B6A24F8-0780-EF11-81A1-005056816226,מלון לגונה  - ישרוטל בע"מ,אילת,החוף הצפוני 1
9D6A24F8-0780-EF11-81A1-005056816226,מלון יערות הכרמל - ישרוטל ניהול מלונות בע"מ,בית אורן,הבונים 1
9F6A24F8-0780-EF11-81A1-005056816226,מלון אוריינט - ישרוטל ניהול מלונות בע"מ,ירושלים,עמק רפאים 3
A16A24F8-0780-EF11-81A1-005056816226,מלון נבו - ישרוטל ניהול מלונות בע"מ,נווה זוהר,עין בוקק 1
A36A24F8-0780-EF11-81A1-005056816226,די בי מלונות בעמ,תל אביב - יפו,בן יהודה 14
A56A24F8-0780-EF11-81A1-005056816226,מלון אוליבייה בע"מ,נוף הגליל,דרך הציונות 29
A76A24F8-0780-EF11-81A1-005056816226,מלון אמיליס,טבריה,שדרות אליעזר קלפן 1
A96A24F8-0780-EF11-81A1-005056816226,רויאל טאור הוטל בעמ,נווה זוהר,עין בוקק 8693
AB6A24F8-0780-EF11-81A1-005056816226,מלונית בית קטן בעמ,ירושלים,יהודה 1
AD6A24F8-0780-EF11-81A1-005056816226,מלונית בית ברחביה בע"מ,ירושלים,אבן עזרא 20
B16A24F8-0780-EF11-81A1-005056816226,מלונות לב דוד בעמ  מלון "עץ הזית",ירושלים,סנט ג'ורג' 23
B36A24F8-0780-EF11-81A1-005056816226,מלון דן פנורמה אילת,אילת,החוף הצפוני 1
B56A24F8-0780-EF11-81A1-005056816226,מלון דן כרמל, חיפה,חיפה,שדרות הנשיא 85
B76A24F8-0780-EF11-81A1-005056816226,מלון דן פנורמה תל אביב,תל אביב - יפו,קויפמן 10
B96A24F8-0780-EF11-81A1-005056816226,מלון דן פנורמה ירושלים,ירושלים,קרן היסוד 39
BB6A24F8-0780-EF11-81A1-005056816226,דן בוטיק ירושלים,ירושלים,דרך חברון 31
BD6A24F8-0780-EF11-81A1-005056816226,מלון דן אכדיה בע"מ,הרצליה,שדרות אלי לנדאו 122
BF6A24F8-0780-EF11-81A1-005056816226,דן אילת,אילת,הים 4
C16A24F8-0780-EF11-81A1-005056816226,מלון דן קיסריה,קיסריה, 
C36A24F8-0780-EF11-81A1-005056816226,ח.ק. קמחי נכסים והשקעות בע"מ,ראש פינה,החצב 33
C56A24F8-0780-EF11-81A1-005056816226,מלון לב העיר (אמ.טי) בע"מ,תל אביב - יפו,טשרניחובסקי 17
C76A24F8-0780-EF11-81A1-005056816226,איביס סטיילס ירושלים מרכז העיר,ירושלים,בן יהודה 4
C96A24F8-0780-EF11-81A1-005056816226,מלון איביס ירושלים מרכז העיר,ירושלים,יצחק אלישר 4
CB6A24F8-0780-EF11-81A1-005056816226,רוקסון דזרט ערד,ערד,מואב 112
CD6A24F8-0780-EF11-81A1-005056816226,sun sea center,אילת,שדרות התמרים 37
CF6A24F8-0780-EF11-81A1-005056816226,מלון פינקה בע"מ,באר שבע,סמילנסקי 52
D16A24F8-0780-EF11-81A1-005056816226,לוינסקי מרקט הוטל,תל אביב - יפו,לוינסקי 64
D36A24F8-0780-EF11-81A1-005056816226,קלאב אין - קלאב הוטל ניהול (1996) בע"מ,אילת,איזמרגד 10
D76A24F8-0780-EF11-81A1-005056816226,מלון גני שלמה המלך נתניה בע"מ,נתניה,המעפילים 18
D96A24F8-0780-EF11-81A1-005056816226,תל אביב הקטנה,תל אביב - יפו,יהודה הלוי 51
DD6A24F8-0780-EF11-81A1-005056816226,ניהול נכסים מלונאים .ש.ר.מ   ( משכנות רות דניאל ),תל אביב - יפו,שדרות ירושלים 47
DF6A24F8-0780-EF11-81A1-005056816226,הבית של ויטל,רחובות,הרצל 168
E36A24F8-0780-EF11-81A1-005056816226,מדנס בתי דירות שותפות מוגבלת - "דירות בן יהודה",תל אביב - יפו,בן-יהודה 119
E76A24F8-0780-EF11-81A1-005056816226,בית הארחה נווה קייט,מגדל,נוף כנרת 31
EB6A24F8-0780-EF11-81A1-005056816226,אתרים סוויט בע"מ,תל אביב - יפו,הירקון 165
ED6A24F8-0780-EF11-81A1-005056816226,בית הארחה ניקולייסונס בע"מ,ירושלים,עומר בן אל ח'טיב 55
F16A24F8-0780-EF11-81A1-005056816226,לתייר בע"מ - מלון הגליל,נצרת,פאולוס השישי 65
F36A24F8-0780-EF11-81A1-005056816226,תיירות מרום גולן בע"מ,מרום גולן,מרום גולן 1
F56A24F8-0780-EF11-81A1-005056816226,ק.ע.ג.מ מבנים ואחזקות,נתניה,קרליבך 4
F96A24F8-0780-EF11-81A1-005056816226,מלון בוטיק אדמה (רוג'ר מצפה בע"מ),מצפה רמון,הר קירטון 7 1
FB6A24F8-0780-EF11-81A1-005056816226,אקליפטוס אירוח ונופש,טבריה,אקליפטוס 102
FD6A24F8-0780-EF11-81A1-005056816226,מלון ריץ קרלטון הרצליה,הרצליה,השונית 4
FF6A24F8-0780-EF11-81A1-005056816226,נחשולים קייט ונופש,נחשולים,ד.נ חוף הכרמל 3081
016B24F8-0780-EF11-81A1-005056816226,מלון שירת הים בניהול משה אוחנה יזום השקעות ותיירות,טבריה,הירדן 1
036B24F8-0780-EF11-81A1-005056816226,מלון דירות שינקין 10 תל אביב,תל אביב - יפו,שינקין 10
056B24F8-0780-EF11-81A1-005056816226,ביר גארדן הוטל,תל אביב - יפו,יונה הנביא 35
076B24F8-0780-EF11-81A1-005056816226,מלון דירות יונה הנביא 14 תל אביב,תל אביב - יפו,יונה הנביא 14
096B24F8-0780-EF11-81A1-005056816226,סנטרל ביץ הוטל,תל אביב - יפו,רציף הרברט סמואל 78
0B6B24F8-0780-EF11-81A1-005056816226,מלון סוויטות בן יהודה 130 תל אביב,תל אביב - יפו,בן יהודה 130
0D6B24F8-0780-EF11-81A1-005056816226,מלון דירות אלנבי 36 תל אביב,תל אביב - יפו,אלנבי 36
0F6B24F8-0780-EF11-81A1-005056816226,מלון דירות הרב קוק 5,תל אביב - יפו,הרב קוק 5
116B24F8-0780-EF11-81A1-005056816226,מלון נס תל אביב,תל אביב - יפו,נס ציונה 10
1B6B24F8-0780-EF11-81A1-005056816226,עמותת התיירות עין הוד,עין הוד,מרכז הכפר 1
236B24F8-0780-EF11-81A1-005056816226,מלון דירות לב ירושלים בעמ,ירושלים,המלך ג'ורג' 18
256B24F8-0780-EF11-81A1-005056816226,פרימה לינק,פתח תקווה,מוטה גור 4
276B24F8-0780-EF11-81A1-005056816226,מלון ליטוב ירושלים,ירושלים,הנביאים 43
316B24F8-0780-EF11-81A1-005056816226,ישתר בע"מ מלון טיבריא,טבריה,הנוטר 17
356B24F8-0780-EF11-81A1-005056816226,מלון ברדיצ'בסקי,תל אביב - יפו,ברדיצ'בסקי 14
376B24F8-0780-EF11-81A1-005056816226,כפר הנופש משאבים - קיבוץ משאבי שדה,משאבי שדה,הגבעה 1
3F6B24F8-0780-EF11-81A1-005056816226,ורד הגליל - ורד הגליל בע"מ,כורזים,חוות ורד הגליל 1
416B24F8-0780-EF11-81A1-005056816226,מלונות פתאל בעמ לאונרדו סיטי טאוור,רמת גן,זיסמן שלום 14
436B24F8-0780-EF11-81A1-005056816226,מלונות פתאל בע"מ  לאונרדו מידטאון תא,תל אביב - יפו,הרכבת 29
456B24F8-0780-EF11-81A1-005056816226,מלונות פתאל גורדון ביץ,תל אביב - יפו,אליעזר פרי 14
476B24F8-0780-EF11-81A1-005056816226,מלונות פתאל בע"מ -לאונרדו קלאב יה"מ,נווה זוהר,ד.נ. ים המלח 1
496B24F8-0780-EF11-81A1-005056816226,מלונות פתאל בע"מ - לאונרדו נגב באר שבע,באר שבע,הנרייטה סולד 4
4B6B24F8-0780-EF11-81A1-005056816226,מלונות פתאל בע"מ - לאונרדו אין ים המלח,נווה זוהר,ד.נ. ים המלח 4
4D6B24F8-0780-EF11-81A1-005056816226,מלונות פתאל בע"מ - מלון הרודס ים המלח,נווה זוהר,ד.נ. ים המלח 3
4F6B24F8-0780-EF11-81A1-005056816226,מלונות פתאל בע"מ - מלון לאונרדו פלאזה יה"מ,נווה זוהר,ד.נ. ים המלח 2
516B24F8-0780-EF11-81A1-005056816226,מלון נופש מוריה אילת בע"מ - לאונרדו פלאזה אילת,אילת,חוף הצפוני 135
536B24F8-0780-EF11-81A1-005056816226,פאן סאנרייז בע"מ - ספלאש ריזורט,אילות,קיבוץ איילות 1057
556B24F8-0780-EF11-81A1-005056816226,אחים שרבט (1989) בנייה והשקעות בע"מ - מג'יק פאלאס,אילת,חוף הצפוני 1781
576B24F8-0780-EF11-81A1-005056816226,פרדייז אילת ש.ר. - לאונרדו פריווליג' אילת,אילת,חוף הצפוני 2480
596B24F8-0780-EF11-81A1-005056816226,פרדייז אילת ש.ר. - לאונרדו קלאב אילת,אילת,חוף הצפוני 294
5B6B24F8-0780-EF11-81A1-005056816226,מלונות פתאל בע"מ -מלון רויאל ריזורט אילת,אילת,חוף הצפוני 1944
5D6B24F8-0780-EF11-81A1-005056816226,מלונות פתאל בע"מ - מלון הרודס אילת,אילת,חוף הצפוני 2426
5F6B24F8-0780-EF11-81A1-005056816226,פתאל קוראל ביץ' בע"מ - מלון יו קוראל ביץ',אילת,דרך מצריים 616
616B24F8-0780-EF11-81A1-005056816226,מלונות פתאל בעמ רוטשילד 22,תל אביב - יפו,רוטשילד 22
636B24F8-0780-EF11-81A1-005056816226,מלונות פתאל בעמ לאונרדו נתניה,נתניה,אוסישקין 1
656B24F8-0780-EF11-81A1-005056816226,מלונות פתאל בעמ לאונרדו טבריה,טבריה,גדוד ברק 17
676B24F8-0780-EF11-81A1-005056816226,מלונות פתאל בעמ ניקס הרצליה,הרצליה,נעמי שמר 3377
696B24F8-0780-EF11-81A1-005056816226,פתאל במרינה שותפות מוגבלת הרודס הרצליה,הרצליה,העוגן 11
6B6B24F8-0780-EF11-81A1-005056816226,מלונות פתאל בעמ הרודס תל אביב,תל אביב - יפו,הירקון 155
6D6B24F8-0780-EF11-81A1-005056816226,מלונות פתאל בעמ לאונרדו פלאזה אשדוד,אשדוד,שדרות הים התיכון 1
6F6B24F8-0780-EF11-81A1-005056816226,מלונות פתאל בעמ לאונרדו בוטיק רחובות,רחובות,אופנהיימר 2
716B24F8-0780-EF11-81A1-005056816226,מלונות פתאל בעמ יו בוטיק כנרת,טבריה,גדוד ברק 17
736B24F8-0780-EF11-81A1-005056816226,מלונות פתאל בעמ לאונרדו פלאזה ירושלים,ירושלים,הרב אבידע 1
756B24F8-0780-EF11-81A1-005056816226,מלונות פתאל לאונרדו ירושלים,ירושלים,סנט גורג 9
776B24F8-0780-EF11-81A1-005056816226,מלונות פתאל בעמ לאונרדו בוטיק רמת החייל,תל אביב - יפו,הברזל 17
796B24F8-0780-EF11-81A1-005056816226,מלונות פתאל בעמ קלאב טבריה,טבריה,אחד העם 19
7B6B24F8-0780-EF11-81A1-005056816226,מלונות פתאל בעמ פלאזה טבריה,טבריה,הבנים 1
7D6B24F8-0780-EF11-81A1-005056816226,מלונות פתאל בעמ לאונרדו פלאזה חיפה,חיפה,דוד אלעזר 10
7F6B24F8-0780-EF11-81A1-005056816226,מלונו פתאל בעמ לאונרדו בוטיק ירושלים,ירושלים,מונבז 3
816B24F8-0780-EF11-81A1-005056816226,אואזיס ספא קלאב,עין תמר,ים המלח 1
836B24F8-0780-EF11-81A1-005056816226,מישל מלונות בעמ,ירושלים,יפו 204
856B24F8-0780-EF11-81A1-005056816226,מלון התיאטרון ירושלים,ירושלים,השופן 16
876B24F8-0780-EF11-81A1-005056816226,מלון וורט לגון נתניה(חברת מלונות אפריקה ישראל בע'מ,נתניה,קהילת צפת 1
896B24F8-0780-EF11-81A1-005056816226,מלון קדם,טירת כרמל,לניאדו 14
8B6B24F8-0780-EF11-81A1-005056816226,עמיחי מלונות בע"מ  -  מלון פלאזה נוף הגליל,נוף הגליל,חרמון 2
8D6B24F8-0780-EF11-81A1-005056816226,מלון הקומה ה21 ירושלים -חברת הקומה החדשה,ירושלים,בן יהודה 34
916B24F8-0780-EF11-81A1-005056816226,וילה בראון יאושלים,ירושלים,הנביאים 54
956B24F8-0780-EF11-81A1-005056816226,בראון ירושלים,ירושלים,הלל 41
976B24F8-0780-EF11-81A1-005056816226,בראון מחנה יהודה,ירושלים,יפו 105
996B24F8-0780-EF11-81A1-005056816226,בת שבע ירושלים,ירושלים,המלך ג'ורוג' 42
9D6B24F8-0780-EF11-81A1-005056816226,מלון ענבל ירושלים,ירושלים,זבוטינסקי 3
9F6B24F8-0780-EF11-81A1-005056816226,בראון תל אביב,תל אביב - יפו,קלישר 30
A16B24F8-0780-EF11-81A1-005056816226,כרמל ביץ אפרטמנט בע"מ,חיפה,דוד אלעזר 10
A36B24F8-0780-EF11-81A1-005056816226,נוף סוף אילת,אילת,דרך מלכת שבא (נוף המפרץ) 3
A56B24F8-0780-EF11-81A1-005056816226,ד. ד בן יהודה 21 בע"מ,תל אביב - יפו,בן יהודה 21
A76B24F8-0780-EF11-81A1-005056816226,מלון קראון פלזה תל אביב ים (חברת אפדור בע'מ),תל אביב - יפו,הירקון 145
A96B24F8-0780-EF11-81A1-005056816226,מזרע. כפר נופש - תיירות מזרע אגש"ח בעמ,מזרע,כפר הנופש 1
AB6B24F8-0780-EF11-81A1-005056816226,מלון שומאכר בע"מ,חיפה,לוחמי הגיטאות 25
AD6B24F8-0780-EF11-81A1-005056816226,תור קלאב ש.ס בע"מ -  מלון איילנד נתניה,נתניה,שדרות עובד בן עמי 10
AF6B24F8-0780-EF11-81A1-005056816226,סיידא ריזורטס בע"מ- מלון מדיטרה בוטיק נתניה,נתניה,שדרות ניצה 20
B16B24F8-0780-EF11-81A1-005056816226,ס.נ. נדלן - מלון אלמוג - אלמוג טאוור-חדרים על החוף,חיפה,דוד אלעזר 10
B56B24F8-0780-EF11-81A1-005056816226,שירת הגליל שרון סעדה,אליפלט,הגפן 95
B96B24F8-0780-EF11-81A1-005056816226,פרימה סיטי,תל אביב - יפו,מאפו 9
C16B24F8-0780-EF11-81A1-005056816226,סוויטות בכנרת מגדלי המלכים,טבריה,דרך גדוד ברק 17
C36B24F8-0780-EF11-81A1-005056816226,בת גלים מ.ת בע"מ,חיפה,בת גלים 15
C76B24F8-0780-EF11-81A1-005056816226,כפר הנופש כינר בע"מ,טבריה,הרודס 1
CD6B24F8-0780-EF11-81A1-005056816226,אתנחתא בירדן,משמר הירדן,המושבה 41
D36B24F8-0780-EF11-81A1-005056816226,כפר הנופש ביאנקיני,קליה,חוף ביאנקיני 10
D56B24F8-0780-EF11-81A1-005056816226,גי.אל.ריל אסטייט,טבריה,השומר 34
D76B24F8-0780-EF11-81A1-005056816226,מלון ניר עציון אגש"ח בע"מ,ניר עציון,ניר עציון 1
D96B24F8-0780-EF11-81A1-005056816226,א.מ.ש קרלטון תל אביב תיירות ונכסים בע"מ,תל אביב - יפו,אליעזר פרי 10
DB6B24F8-0780-EF11-81A1-005056816226,מלון וורט ים המלח (חברת מלונות אפריקה ישראל בע'מ),עין גדי,עין בוקק 1
DD6B24F8-0780-EF11-81A1-005056816226,מלון וורט אילת (חברת אפדור בע"מ),אילת,קאמן 1
E16B24F8-0780-EF11-81A1-005056816226,בראון בובו,תל אביב - יפו,יבנה 42
E36B24F8-0780-EF11-81A1-005056816226,פרימה רויאל,ירושלים,מנדלי מוכר ספרים 3
E56B24F8-0780-EF11-81A1-005056816226,פרימה פארק,ירושלים,זאב וילנאי 2
E76B24F8-0780-EF11-81A1-005056816226,מלון רויאל פלאזה טבריה,טבריה,אילעזר קפלן 1
E96B24F8-0780-EF11-81A1-005056816226,הוואנה ביץ קלאב,תל אביב - יפו,גאולה 1
EB6B24F8-0780-EF11-81A1-005056816226,הוואנה ביץ קלאב,תל אביב - יפו,הרברט סמואל 52
ED6B24F8-0780-EF11-81A1-005056816226,אליה ע.א. יזמות ואחזקות בע"מ,מגדל,האלון 2
F16B24F8-0780-EF11-81A1-005056816226,מלון פרנקי,תל אביב - יפו,הרב ידידה פרנקל 29
F56B24F8-0780-EF11-81A1-005056816226,תיירות ניר דוד גן השלושה אגש"ח בע"מ,ניר דוד (תל עמל),ניר דוד 1
F76B24F8-0780-EF11-81A1-005056816226,כפר הנופש רמות אורכידיאה שותפות מוגבלת,רמות,מושב רמות 1
F96B24F8-0780-EF11-81A1-005056816226,מלון נוף תבור בעמ,מזרע,קיבוץ מזרע 1
FB6B24F8-0780-EF11-81A1-005056816226,ברוש אשלד בע"מ- מלון נוף כנרת        (דו"ח מתוקן),טבריה,ירושלים 37
FD6B24F8-0780-EF11-81A1-005056816226,אנג'וי ים המלח - ישראל קנדה מלונות החזקות בע"מ,ערד,עין בוקק- מלונות ים המלח 1
FF6B24F8-0780-EF11-81A1-005056816226,פליי אילת - ישראל קנדה מלונות אילת בע"מ,אילת,תרשיש 12
016C24F8-0780-EF11-81A1-005056816226,פליי מידטאון - ישראל קנדה מלונאות בע"מ,תל אביב - יפו,דרך מנחם בגין 144
036C24F8-0780-EF11-81A1-005056816226,פליי סי פורט- ישראל קנדה מלונות החזקות בע"מ,תל אביב - יפו,צידון 1
056C24F8-0780-EF11-81A1-005056816226,גלי כנרת - ישראל קנדה מלונות כנרת בע"מ,טבריה,אליעזר קפלן 1
076C24F8-0780-EF11-81A1-005056816226,מצפה השלום תיירות כפר חרוב אגש"ח בע"מ,כפר חרוב,כפר חרוב 1
096C24F8-0780-EF11-81A1-005056816226,ע.ב אירועים מלון גארדן חיפה בעמ,חיפה,קדושי יאסי 2
0F6C24F8-0780-EF11-81A1-005056816226,לונה ריזורט,מצפה רמון,הר ארדון 6
116C24F8-0780-EF11-81A1-005056816226,התפתחות מעלה צביה (עין הדרך),צביה,האלון 1
136C24F8-0780-EF11-81A1-005056816226,עלמה רוטשילד בע"מ - מלון עלמה,תל אביב - יפו,יבנה 23
156C24F8-0780-EF11-81A1-005056816226,אשדות בעמק,אשדות יעקב (איחוד),אשדות 1
176C24F8-0780-EF11-81A1-005056816226,ברי סטייז,תל אביב - יפו,הכרמל 40
1D6C24F8-0780-EF11-81A1-005056816226,כפר הנופש דור,דור,דור 1
1F6C24F8-0780-EF11-81A1-005056816226,טינקו בעמ מלון העונות,נתניה,שדרות ניצה 1
216C24F8-0780-EF11-81A1-005056816226,גפן פוריה,טבריה,דרך גדוד ברק 17
236C24F8-0780-EF11-81A1-005056816226,אחוזת המשי,טבריה,תלתן 1
256C24F8-0780-EF11-81A1-005056816226,קמפ סהרה בע"מ,קליה,חוף ביאנקיני 7
276C24F8-0780-EF11-81A1-005056816226,אתגרים ברמה בע"מ,אבני איתן,אבני איתן 17
296C24F8-0780-EF11-81A1-005056816226,מלון ליר סנס,גדרה,שכביץ 5
2B6C24F8-0780-EF11-81A1-005056816226,נירוונה סוויטס,אילת,סמטת שפיפון 9
2D6C24F8-0780-EF11-81A1-005056816226,מלכת שבא,אילת,אנטיב 8
2F6C24F8-0780-EF11-81A1-005056816226,אסטרל פאלמה,אילת,קאמן 11
316C24F8-0780-EF11-81A1-005056816226,אסטרל ויליג',אילת,קאמן 4
336C24F8-0780-EF11-81A1-005056816226,מאריס,אילת,דורבן 6
356C24F8-0780-EF11-81A1-005056816226,נירוונה קלאב,אילת,סמטת שפיפון 9
376C24F8-0780-EF11-81A1-005056816226,מלון אריאה,אילת,דרך מצרים 9
396C24F8-0780-EF11-81A1-005056816226,שוקרון גרופ,נהריה,העלייה 65
3D6C24F8-0780-EF11-81A1-005056816226,מלון אלמא - כרם ניהול בתי מלון בע"מ,זכרון יעקב,יאיר 1
3F6C24F8-0780-EF11-81A1-005056816226,מלון אבן דרך מצפה רמון,מצפה רמון,בן גוריון 2
416C24F8-0780-EF11-81A1-005056816226,סוויטות רמון מצפה רמון,מצפה רמון,נחל מישר 8
436C24F8-0780-EF11-81A1-005056816226,מלון אייל ירושלים,ירושלים,שמאי 21
456C24F8-0780-EF11-81A1-005056816226,מלון יערים - קיבוץ מעלה החמישה,מעלה החמישה,מעלה החמישה 1
496C24F8-0780-EF11-81A1-005056816226,משולם לוינשטין מלון שדות בע"מ,באר יעקב,אסף סנטר אסף הרופא 7030
4B6C24F8-0780-EF11-81A1-005056816226,מלון ברגר,טבריה,נייברג 27
4F6C24F8-0780-EF11-81A1-005056816226,עין החולה (כפר גלעדי) בע"מ - מלון גליליון,יסוד המעלה,בכניסה לאגמון החולה 1
536C24F8-0780-EF11-81A1-005056816226,מלון שפיים אגש"ח בע"מ,שפיים,שפיים 1
576C24F8-0780-EF11-81A1-005056816226,אוללה כרמל סוויטס,חיפה,יפה נוף 1
5B6C24F8-0780-EF11-81A1-005056816226,חברת מלונות אסטוריב בע"מ,טבריה,ברוריה 11
5D6C24F8-0780-EF11-81A1-005056816226,מעגן עדן ש.ר.,מעגן,מעגן 10
656C24F8-0780-EF11-81A1-005056816226,דברה בראון,תל אביב - יפו,בן יהודה 87
676C24F8-0780-EF11-81A1-005056816226,לייטהאוס תל אביב,תל אביב - יפו,בן יהודה 1
6B6C24F8-0780-EF11-81A1-005056816226,ש.ר.י ניהול בע"מ,ירושלים,שחראי 24
6D6C24F8-0780-EF11-81A1-005056816226,Spirit of herzl (הרצל),ירושלים,שמאי 6
6F6C24F8-0780-EF11-81A1-005056816226,מלונית זריחה בגלבוע,ברק,משק 47 47
716C24F8-0780-EF11-81A1-005056816226,סי פרל,חיפה,רציף אהרון רוזנפלד 11
736C24F8-0780-EF11-81A1-005056816226,מלון בראון אילת,אילת,קאמן 17
756C24F8-0780-EF11-81A1-005056816226,מלון קומפורט אילת,אילת,חטיבת הנגב 14
776C24F8-0780-EF11-81A1-005056816226,יו ג'י נדלן בעמ,טבריה,ציפורי 2
7B6C24F8-0780-EF11-81A1-005056816226,מלון רזידנס מרשת זיבוטל בע"מ,נתניה,מכנס גד 18
7D6C24F8-0780-EF11-81A1-005056816226,אירוח כפרי אל מול גולן,שער הגולן,111 53
816C24F8-0780-EF11-81A1-005056816226,הוליגסט 2,תל אביב - יפו,הרב אהרונסון 20
856C24F8-0780-EF11-81A1-005056816226,סולומון פאלאס הוטל - מלון המלך שלמה ירושלים (קסיה),ירושלים,דוד המלך 32
876C24F8-0780-EF11-81A1-005056816226,קפה ג'ון 13 בע"מ - מלון קלאב רמון,מצפה רמון,נחל גרופית 5
8B6C24F8-0780-EF11-81A1-005056816226,אנ"א פוריה - אגודת אכסניות הנוער,פוריה עילית,פוריה 1
8D6C24F8-0780-EF11-81A1-005056816226,מלון גולן  (מלונות כנרת ),טבריה,אחד העם 61
8F6C24F8-0780-EF11-81A1-005056816226,חברה לפיתוח ובניין בערבה בע"מ,ספיר,ד.נ ערבה 8682500 1
916C24F8-0780-EF11-81A1-005056816226,אחוזת הכפר,מגדל,התמר 6
936C24F8-0780-EF11-81A1-005056816226,אירוח כפרי עין חרוד איחוד,עין חרוד (איחוד),1 1
956C24F8-0780-EF11-81A1-005056816226,חאן עין גדי בע"מ,עין גדי,בית ראשון במולדת 1
976C24F8-0780-EF11-81A1-005056816226,מלון ביי ויו חיפה (חברת אפריקה ישראל תיירות ונופש),חיפה,שדרות הנשיא 101
996C24F8-0780-EF11-81A1-005056816226,נופי כנען בע"מ,תל אביב - יפו,המסגר 64
9D6C24F8-0780-EF11-81A1-005056816226,סי אנד רנט בע"מ,תל אביב - יפו,הרברט סמואל 32
9F6C24F8-0780-EF11-81A1-005056816226,מלון אינדיגו רמת גן (חברת מלונות אפריקה בע'מ),רמת גן,אהליאב 5
A16C24F8-0780-EF11-81A1-005056816226,דגנית דגניה ב,דגניה ב',78 3
A36C24F8-0780-EF11-81A1-005056816226,המכללה האקדמית עמק יזרעאל - מעונות הסטודנטים,עפולה,תאשור 10
A76C24F8-0780-EF11-81A1-005056816226,אלנבי 2 בית הארחה,ירושלים,ככר אלנבי פינת תורה מציון 2
AB6C24F8-0780-EF11-81A1-005056816226,ג'ייקוב אילת,אילת,חטיבת הנגב 3
AD6C24F8-0780-EF11-81A1-005056816226,ג'יקוב טבריה,טבריה,אוהל יעקב 2
AF6C24F8-0780-EF11-81A1-005056816226,ריזורט חדרה,חדרה,רחבעם זאבי 2
B16C24F8-0780-EF11-81A1-005056816226,סי לייף נהריה,נהריה,העליה 75
B56C24F8-0780-EF11-81A1-005056816226,מדרשת שדמות מחולה ע"ר,שדמות מחולה,שדמות מחולה 1
B96C24F8-0780-EF11-81A1-005056816226,ישיבת בני עקיבא כפר הרא"ה,כפר הרא"ה,הישיבה 1
BB6C24F8-0780-EF11-81A1-005056816226,גוליאן מגדלים,טבריה,דרך גדוד ברק 17
BD6C24F8-0780-EF11-81A1-005056816226,מלון קדם ירושלים בע"מ,ירושלים,זאב  וילנאי 4
C36C24F8-0780-EF11-81A1-005056816226,תל אביב הילטון בע"מ,תל אביב - יפו,הירקון 205
C56C24F8-0780-EF11-81A1-005056816226,ללה מלון בוטיק,תל אביב - יפו,דרך בן צבי 78
C76C24F8-0780-EF11-81A1-005056816226,מלון מיאמי ביץ' ת"א,תל אביב - יפו,אלנבי 8
CB6C24F8-0780-EF11-81A1-005056816226,אלום שין בע"מ,תל אביב - יפו,התחיה 19
CD6C24F8-0780-EF11-81A1-005056816226,מלון קוסמופוליטן תל אביב רנסנס תל אביב,תל אביב - יפו,הירקון 121 121
CF6C24F8-0780-EF11-81A1-005056816226,בראון ברוט,תל אביב - יפו,יחזקאל קויפמן 6
D36C24F8-0780-EF11-81A1-005056816226,חאן בית העמק בע"מ,בית העמק,חאן בית העמק 1
D56C24F8-0780-EF11-81A1-005056816226,מלון לאגו מרשת סמארט הוטלס,טבריה,יוחנן בן זכאי 41
D76C24F8-0780-EF11-81A1-005056816226,Stylish Tel Aviv,תל אביב - יפו,המסגר 68
D96C24F8-0780-EF11-81A1-005056816226,פנינת הכנרת,טבריה,גדוד ברק 15
DB6C24F8-0780-EF11-81A1-005056816226,אחוזות בגליל בע"מ,חצור הגלילית,יער ביריה 1
DD6C24F8-0780-EF11-81A1-005056816226,מלון אורכידאה בע"מ - סטאי כנרת,רמות,חוף כורסי כנרת 1
DF6C24F8-0780-EF11-81A1-005056816226,מלון ימית תל אביב בע"מ - אורכידאה תל אביב,תל אביב - יפו,הירקון 79
E16C24F8-0780-EF11-81A1-005056816226,מלון בניין האופרה שותפות מוגבלת,תל אביב - יפו,אלנבי 1
E36C24F8-0780-EF11-81A1-005056816226,הוד המדבר מלון בע"מ,נווה זוהר,עין בוקק מועצה אזורית תמר 1
E56C24F8-0780-EF11-81A1-005056816226,פפו אחזקות ותיירות בע"מ - ריף אילת,אילת,החוף הדרומי 1
E76C24F8-0780-EF11-81A1-005056816226,פבר בע"מ - דה הרברט,תל אביב - יפו,אלנבי 4
E96C24F8-0780-EF11-81A1-005056816226,מלון מגדלות תל אביב שותפות מוגבלת - הרברט ירושלים,ירושלים,שמאי 25
EB6C24F8-0780-EF11-81A1-005056816226,מלון מגדלות תל אביב שותפות מוגבלת - אוקיינוס,הרצליה,אלי לנדאו 50
ED6C24F8-0780-EF11-81A1-005056816226,בית הקישלה יפו בע"מ - סטאי ת"א,תל אביב - יפו,דוד רזיאל 22
EF6C24F8-0780-EF11-81A1-005056816226,מלונות צל - מילוס ים המלח,נווה זוהר,עין בוקק מועצה אזורית תמר 1
F16C24F8-0780-EF11-81A1-005056816226,מלון אורכידאה בע"מ - אורכידאה אילת,אילת,החוף הדרומי 1
F36C24F8-0780-EF11-81A1-005056816226,נאות גולף קיסריה קייט ונופש,קיסריה,רוטשילד 1
F56C24F8-0780-EF11-81A1-005056816226,אס קיי מלון קולוני בע"מ,שבי ציון,האלה 3
F76C24F8-0780-EF11-81A1-005056816226,מלון עדן אין,זכרון יעקב,דרך אהרון 1
FF6C24F8-0780-EF11-81A1-005056816226,סלינה אופרציה אלמוג,אלמוג,קיבוץ אלמוג 1
036D24F8-0780-EF11-81A1-005056816226,סלינה  פרוד (ראי יזמות מכמורת),פרוד,קיבוץ פרוד 1
056D24F8-0780-EF11-81A1-005056816226,סלינה  לוחמי (ראי יזמות מכמורת),לוחמי הגיטאות,קיבוץ לוחמי הגיטאות 1
076D24F8-0780-EF11-81A1-005056816226,סלינה אופרציה קפסולה,תל אביב - יפו,אריה שנקר 2
0B6D24F8-0780-EF11-81A1-005056816226,סלינה אופרציה כנרת,מגדל,דרך המלונות 1
0D6D24F8-0780-EF11-81A1-005056816226,סלינה אופרציה בית אורן,בית אורן,קיבוץ בית אורן 1
0F6D24F8-0780-EF11-81A1-005056816226,סלינה אופרציה אדמה,מצפה רמון,הר בוקר 4
136D24F8-0780-EF11-81A1-005056816226,אירוח כפרי בקיבוץ אילות,אילות,אילות 1
156D24F8-0780-EF11-81A1-005056816226,ארצפת מוטל כנען,צפת,האודם 10
176D24F8-0780-EF11-81A1-005056816226,בראון ביץ האוס,תל אביב - יפו,הירקון 64
1B6D24F8-0780-EF11-81A1-005056816226,כנרת מלונאות ופנאי בע"מ,טבריה,מעלה מנורה 1
1F6D24F8-0780-EF11-81A1-005056816226,מלון נפטון אילת,אילת,החוף הצפוני 1
216D24F8-0780-EF11-81A1-005056816226,דן פנורמה חיפה,חיפה,שדרות הנשיא 107
236D24F8-0780-EF11-81A1-005056816226,החברה לתיירות ופיתוח של קרן ירוחם החדשה בע"מ,ירוחם,צבי בורנשטיין 108
256D24F8-0780-EF11-81A1-005056816226,איי.אס.אינטגרטיב סולושנס בעמ,ראשון לציון,חיל השריון 5
276D24F8-0780-EF11-81A1-005056816226,כפר המכביה בע"מ,רמת גן,פרץ ברנשטיין 7
296D24F8-0780-EF11-81A1-005056816226,רמות שפירא מרכז חינוכי ע,ר,בית מאיר,רמות שפירא 1
2B6D24F8-0780-EF11-81A1-005056816226,מדרשת הדרום,נטע,מבוא מרשם 3
2D6D24F8-0780-EF11-81A1-005056816226,ספרה מלונאות ונופש בע"מ,אילת,חיל ההנדסה 6
2F6D24F8-0780-EF11-81A1-005056816226,רוקסון סי סנד בת ים,בת ים,בן גוריון 95
316D24F8-0780-EF11-81A1-005056816226,אחוזת רפאל טבריה,טבריה,הרב חיים סמאגא 3 טבריה 3
336D24F8-0780-EF11-81A1-005056816226,מלון אל ים,נתניה,שולמית 3
356D24F8-0780-EF11-81A1-005056816226,אפסילון דלתא מלונאות בע"מ (מלון ליגאסי נצרת),נצרת,פאולוס השישי 1
396D24F8-0780-EF11-81A1-005056816226,Speed Spaces,תל אביב - יפו,המסגר 68
3D6D24F8-0780-EF11-81A1-005056816226,וב סוויטות בעמ,ירושלים,הרב קוק 7
3F6D24F8-0780-EF11-81A1-005056816226,גולדן קראון חיפה בע"מ,חיפה,דרך יפו 115
416D24F8-0780-EF11-81A1-005056816226,גולדן קראון אולד סיטי בע"מ,נצרת,הגליל 16
436D24F8-0780-EF11-81A1-005056816226,דה בלנד - גולדן קראון בוטיק נצרת בע"מ,נצרת,פאולוס השישי 62
456D24F8-0780-EF11-81A1-005056816226,גולדן קראון תיירות בע"מ,נצרת,2015 1
476D24F8-0780-EF11-81A1-005056816226,טמפלר האוס בע"מ (מלון בוטיק טמפלר),חיפה,שדרות בן גוריון 36
496D24F8-0780-EF11-81A1-005056816226,ואי ואי אפרטמנטס בע"מ,תל אביב - יפו,הירקון 56
4B6D24F8-0780-EF11-81A1-005056816226,דולפין וילג' (חברת רן וינרבה ניהול מלונות בע"מ),שבי ציון,הגפן 8
4D6D24F8-0780-EF11-81A1-005056816226,אוליב אין נהריה בעמ,נהריה,שדרות הנשיא 1
4F6D24F8-0780-EF11-81A1-005056816226,מלון אייץ' סבן טי.אל.וי ו.או לנקריס יזמות בע"מ,תל אביב - יפו,בן יהודה 77
516D24F8-0780-EF11-81A1-005056816226,ב.נ.ב ישראל שכירות לטווח קצר בע"מ,תל אביב - יפו,דניאל 15 10
536D24F8-0780-EF11-81A1-005056816226,וילה מארי,מגדל,מגדל 000
596D24F8-0780-EF11-81A1-005056816226,ד.ד ריינס 6 בע"מ,תל אביב - יפו,ריינס 6
5B6D24F8-0780-EF11-81A1-005056816226,ד.ד בית אשל 24 בע"מ,תל אביב - יפו,אשל 24
5D6D24F8-0780-EF11-81A1-005056816226,ד.ד מלונות מונטיפיורי,תל אביב - יפו,מונטיפיורי 27
5F6D24F8-0780-EF11-81A1-005056816226,ד.ד בוגרשוב 69 בע"מ,תל אביב - יפו,בוגרשוב 69
616D24F8-0780-EF11-81A1-005056816226,ד.ד וילה בן יהודה בע"מ,תל אביב - יפו,בן יהודה 67
636D24F8-0780-EF11-81A1-005056816226,ד.ד ניהול נכסים,תל אביב - יפו,ריינס 6
676D24F8-0780-EF11-81A1-005056816226,סוויטות יוקרה ירושלים בע"מ,ירושלים,מונבז 3
6B6D24F8-0780-EF11-81A1-005056816226,באיי גאלי,גבעת יואב,גבעת יואב 1
736D24F8-0780-EF11-81A1-005056816226,מלון חוף עכו-עכו ביץ' בע"מ,עכו,דרך הארבעה 1
756D24F8-0780-EF11-81A1-005056816226,מלון לואי תלפיות חיפה,חיפה,החלוץ 35
776D24F8-0780-EF11-81A1-005056816226,סי דרים מלונות בע"מ,תל אביב - יפו,טרומפלדור 1
796D24F8-0780-EF11-81A1-005056816226,מלון שני,ירושלים,שמאי 6
816D24F8-0780-EF11-81A1-005056816226,רייזר הצפון,ראש פינה,האירוס-מול גן הברון 1
856D24F8-0780-EF11-81A1-005056816226,מלון וורט ירושלים (חברת מלונות הירדן מ.ה.י),ירושלים,העליה 1
876D24F8-0780-EF11-81A1-005056816226,מלון בוטיק חאן עין כרם (ג'יפסי אירוח בע"מ),ירושלים,מדרגות הכפר 26
896D24F8-0780-EF11-81A1-005056816226,מאסטר בת ים,בת ים,יוחנן הסנדלר 4
8B6D24F8-0780-EF11-81A1-005056816226,מלון בראון רד סי אילת,אילת,גן בינימין 10
8D6D24F8-0780-EF11-81A1-005056816226,מלון בראון לייטהאוס אילת,אילת,שדרות התמרים 2
9B6D24F8-0780-EF11-81A1-005056816226,מלון דיאנה,חיפה,הבנקים 5
9D6D24F8-0780-EF11-81A1-005056816226,מלון נובה - רשת מלונות אטלס,אילת,חטיבת הנגב 6
9F6D24F8-0780-EF11-81A1-005056816226,מלון ים - רשת מלונות אטלס,תל אביב - יפו,יורדי הסירה 16
A16D24F8-0780-EF11-81A1-005056816226,מלון שלום - רשת מלונות אטלס,תל אביב - יפו,הירקון 216
A36D24F8-0780-EF11-81A1-005056816226,מלון בצלאל - רשת מלונות אטלס,ירושלים,מסילת ישרים 1
A56D24F8-0780-EF11-81A1-005056816226,מלון ארתור - רשת מלונות אטלס,ירושלים,דורות ראשונים 13
A76D24F8-0780-EF11-81A1-005056816226,מלון פבריק - רשת מלונות אטלס,תל אביב - יפו,נחלת בנימין 28
A96D24F8-0780-EF11-81A1-005056816226,מלון 65 - רשת מלונות אטלס,תל אביב - יפו,רוטשילד 65
AB6D24F8-0780-EF11-81A1-005056816226,מלון מרקט האוס - רשת מלונות אטלס,תל אביב - יפו,בית האשל 5
AD6D24F8-0780-EF11-81A1-005056816226,מלון בק סטייג' - רשת מלונות אטלס,תל אביב - יפו,בלינסון 6
AF6D24F8-0780-EF11-81A1-005056816226,מלון ארטיסט - רשת מלונות אטלס,תל אביב - יפו,בן יהודה 35
B16D24F8-0780-EF11-81A1-005056816226,מלון מלודי - רשת מלונות אטלס,תל אביב - יפו,הירקון 220
B36D24F8-0780-EF11-81A1-005056816226,מלון סינמה - רשת מלונות אטלס,תל אביב - יפו,זמנהוף 1
B56D24F8-0780-EF11-81A1-005056816226,מלון סנטר - רשת מלונות אטלס,תל אביב - יפו,זמנהוף 2
B76D24F8-0780-EF11-81A1-005056816226,מלון טל - רשת מלונות אטלס,תל אביב - יפו,הירקון 287
B96D24F8-0780-EF11-81A1-005056816226,דב מיינד בע"מ,ירושלים,המלך דוד 19
BB6D24F8-0780-EF11-81A1-005056816226,מלון נבל דוד נתניה בעמ,נתניה,עובד בן עמי 41
BD6D24F8-0780-EF11-81A1-005056816226,מרגוע נתניה,נתניה,גד מכנס 9
BF6D24F8-0780-EF11-81A1-005056816226,גינות ים נתניה,נתניה,דוד המלך 9
C16D24F8-0780-EF11-81A1-005056816226,הגבעה בית אירוח וסמינרים,מענית,גבעת חביבה מרכז סמינרים 1
C56D24F8-0780-EF11-81A1-005056816226,מלון דניאל הרצליה,הרצליה,אלי לנדאו 60
C96D24F8-0780-EF11-81A1-005056816226,צפורי בכפר,חפץ חיים,מרכז קליטה 1
CB6D24F8-0780-EF11-81A1-005056816226,צפורי בכנרת,טבריה,אהל יעקב 4
D16D24F8-0780-EF11-81A1-005056816226,כפר הנופש - קיבוץ כפר מסריק,כפר מסריק,כפר מסריק 1
D76D24F8-0780-EF11-81A1-005056816226,מלון שלום (אילת) בע"מ - מלון נווה אילן,נווה אילן,השיירה 2
D96D24F8-0780-EF11-81A1-005056816226,תיירות כרמים אגודה שיתופית חקלאית,כרמים,כרמים 111
DB6D24F8-0780-EF11-81A1-005056816226,מלון אלומה,גבעת יואב,שדרת המלוניות 267
DD6D24F8-0780-EF11-81A1-005056816226,בית דירות-בית אורן בית שאן,בית שאן,שאול המלך/התומר 70
DF6D24F8-0780-EF11-81A1-005056816226,מלון מטיילים מדברי לוטן אגש"ח בע"מ,לוטן,קיבוץ לוטן 1
E16D24F8-0780-EF11-81A1-005056816226,מלון "ביר גארדן" - "Beer Garden",תל אביב - יפו,יונה הנביא 35
EF6D24F8-0780-EF11-81A1-005056816226,שינקין 20 בע"מ,תל אביב - יפו,שינקין 20
F16D24F8-0780-EF11-81A1-005056816226,דיזי לייף בע"מ,תל אביב - יפו,דיזנגוף 83
F36D24F8-0780-EF11-81A1-005056816226,המרכז לחינוך וספורט ימי קיסריה,שדות ים,ד.נ. מנשה 37804 1
F56D24F8-0780-EF11-81A1-005056816226,מאסטר שנקין (גאלה הום),תל אביב - יפו,שינקין 38
F96D24F8-0780-EF11-81A1-005056816226,רשת אלטה גלילאה,יסוד המעלה,השקד 7
FB6D24F8-0780-EF11-81A1-005056816226,מלון אינדיגו רמת גן (חברת איבו תפעול בע'מ),רמת גן,אהליאב 5
FD6D24F8-0780-EF11-81A1-005056816226,בית ספר שדה שדה בוקר,מדרשת בן גוריון,מדרשת שדה בוקר 1
FF6D24F8-0780-EF11-81A1-005056816226,ישוב נווה שלום חברה מוגבלת בערבות,נווה שלום,ישוב נווה שלום 1
036E24F8-0780-EF11-81A1-005056816226,בית הארחה בית האלה,ירושלים,הארי טרומן 43
056E24F8-0780-EF11-81A1-005056816226,י.ש מרגוע בע"מ,ירושלים,ירמיהו 33
0B6E24F8-0780-EF11-81A1-005056816226,TOROHOME,אשדוד,מדרחוב הנביאים 1 43
0D6E24F8-0780-EF11-81A1-005056816226,אורי ליבסטר,אניעם,371 371
0F6E24F8-0780-EF11-81A1-005056816226,מלון ארבל,תל אביב - יפו,חולדה 11
156E24F8-0780-EF11-81A1-005056816226,מלון ארנה בע"מ,נהריה,ז'בוטינסקי 29
196E24F8-0780-EF11-81A1-005056816226,וילה לה וידה,מגדל,השיזף 3
1D6E24F8-0780-EF11-81A1-005056816226,תולי בית הדואר ירושלים בעמ,ירושלים,יפו 23
1F6E24F8-0780-EF11-81A1-005056816226,חוף גיא בע"מ,טבריה,שדרות אליעזר קפלן 1
256E24F8-0780-EF11-81A1-005056816226,אמריקנה אין (ישראל ) בע"מ,אילת,קאמן 10
276E24F8-0780-EF11-81A1-005056816226,הבית ב.י.מ בע"מ,בת ים,אריק אינשטיין 1
2B6E24F8-0780-EF11-81A1-005056816226,קורט יארד השקעות בעמ,בת ים,הציפורנים 7
2D6E24F8-0780-EF11-81A1-005056816226,מלון אירופה טבריה,טבריה,הפלמח 3
2F6E24F8-0780-EF11-81A1-005056816226,מלון אחוזת אוהלו אגשח בעמ,כנרת (קבוצה),אין 1
316E24F8-0780-EF11-81A1-005056816226,יל לויקיישן בעמ,טבריה,גוש עציון 11 11
356E24F8-0780-EF11-81A1-005056816226,אחוזת רנה,תל אביב - יפו,סמטת בית הבד 3
376E24F8-0780-EF11-81A1-005056816226,מלונות רפאל בע"מ,תל אביב - יפו,אלנבי 6
396E24F8-0780-EF11-81A1-005056816226,משואה למלונאות ונופש בע"מ (מלון יהודה),ירושלים,קוליץ 1
3B6E24F8-0780-EF11-81A1-005056816226,דירות שוק הכרמל Aspentlv Shlomo Swissa,תל אביב - יפו,הכרמל 11
3D6E24F8-0780-EF11-81A1-005056816226,אלפרד מלונות אורבניים בע"מ,תל אביב - יפו,ירקון 78
3F6E24F8-0780-EF11-81A1-005056816226,מלון דירות ספיר,באר שבע,קרן קיימת לישראל 113
416E24F8-0780-EF11-81A1-005056816226,מגדלה בע"מ,מגדל,מגדל 1
436E24F8-0780-EF11-81A1-005056816226,ווסט אשדוד- טמרס נופש בע"מ,אשדוד,הטיילת 21
456E24F8-0780-EF11-81A1-005056816226,פלורנטין האוס,תל אביב - יפו,פלורנטין 6
496E24F8-0780-EF11-81A1-005056816226,בר-און ושות',בן עמי,החושל 27
4B6E24F8-0780-EF11-81A1-005056816226,סול קפיטל בע"מ,תל אביב - יפו,טרומפלדור 12
4D6E24F8-0780-EF11-81A1-005056816226,טאי שירותי ניהול אירוח בעמ,תל אביב - יפו,סמטת בית השואבה 20
4F6E24F8-0780-EF11-81A1-005056816226,ניהול ותפעול מלונותימים ואגמים-מלון לוט ים המלח,נווה זוהר,מלון לוט ים המלח 1
516E24F8-0780-EF11-81A1-005056816226,מלונות ויצמן סיטי בע"מ,תל אביב - יפו,ויצמן 14
536E24F8-0780-EF11-81A1-005056816226,סנט אנדרוס גלילי בע"מ המלון הסקוטי,טבריה,גדוד ברק 1
556E24F8-0780-EF11-81A1-005056816226,מלון דונה גרציה בעמ,טבריה,הפרחים 3
596E24F8-0780-EF11-81A1-005056816226,סי אס פלוס בע"מ,גבעתיים,המעיין 32
5D6E24F8-0780-EF11-81A1-005056816226,אלטשולר מזרחי,תל אביב - יפו,מזרחי 27
5F6E24F8-0780-EF11-81A1-005056816226,תיירות אל-רום אגש"ח בע"מ,אל-רום,אל-רום 1
656E24F8-0780-EF11-81A1-005056816226,הבית העות'מאני,באר שבע,האבות 9
676E24F8-0780-EF11-81A1-005056816226,ג.א.י מואה במדבר בע"מ,צופר,תד 107 107
696E24F8-0780-EF11-81A1-005056816226,לייקהאוס - ארנ מלונות טבריה בע"מ,טבריה,דרך המרחצאות 1
716E24F8-0780-EF11-81A1-005056816226,מלון צופיה כנרת,טבריה,הפלמ"ח 12
736E24F8-0780-EF11-81A1-005056816226,יבוא ויצוא סובב עולם בע"מ,חיפה,הרצל 63
7D6E24F8-0780-EF11-81A1-005056816226,מלון מרגוזה,תל אביב - יפו,אברהם אבן שושן 1
7F6E24F8-0780-EF11-81A1-005056816226,אלאיה פולג,נתניה,שולמית 3
816E24F8-0780-EF11-81A1-005056816226,מלון אינק (טי.אל.וי) בעמ,תל אביב - יפו,ברנר 14
836E24F8-0780-EF11-81A1-005056816226,ש.א.א מלונאות בע"מ,חיפה,דרך יפו 28
856E24F8-0780-EF11-81A1-005056816226,פורט סיטי חיפה - שא.א.א מלונאות,חיפה,דרך יפו 28
876E24F8-0780-EF11-81A1-005056816226,Apartment and studios on the beach,תל אביב - יפו,הירקון 270
896E24F8-0780-EF11-81A1-005056816226,דירות חוף בע"מ,תל אביב - יפו,זמנהוף 4
8B6E24F8-0780-EF11-81A1-005056816226,קאבלר'ס האוס,תל אביב - יפו,אילת 8
8D6E24F8-0780-EF11-81A1-005056816226,הירקון 45,תל אביב - יפו,הירקון 45
8F6E24F8-0780-EF11-81A1-005056816226,תימורה בע"מ - מלון מטרופוליטן,תל אביב - יפו,טרומפלדור 11
916E24F8-0780-EF11-81A1-005056816226,מלון רסטל טבריה (חברת הר וים מלונות בעמ),טבריה,יהודה הלוי 2
956E24F8-0780-EF11-81A1-005056816226,מלון עטרה (פנורמה לשעבר),טבריה,הגליל 56
9F6E24F8-0780-EF11-81A1-005056816226,YalaRent mountainside Hotel apartments Eilat,אילת,דרך הבשמים 139
A16E24F8-0780-EF11-81A1-005056816226,Yalarent Hawaii  Hotel Apartments Eilat,אילת,אנפה 7
A36E24F8-0780-EF11-81A1-005056816226,YalaRent C Kinneret Hotel apartments Migdal,מגדל,התפוז 1
A56E24F8-0780-EF11-81A1-005056816226,YalaRent Migdalor Hotel Apartments with Sea Views,טבריה,הפלמח 3
A76E24F8-0780-EF11-81A1-005056816226,מירבל פלאזה,חיפה,יפה נוף 111
A96E24F8-0780-EF11-81A1-005056816226,נ.י. אשקלון בע"מ,אשקלון,גולני 12
AD6E24F8-0780-EF11-81A1-005056816226,להאט ולנשום במורן אגודה שיתופית חקלאית בע"מ,מורן,הזית 1
B16E24F8-0780-EF11-81A1-005056816226,בראון גולדן האוס,תל אביב - יפו,הירקון 62
B36E24F8-0780-EF11-81A1-005056816226,מלון המושבה כפר תבור חברת י.ג.מ.ח ייזום והשקעות בע,כפר תבור,צומת גזית 1
B56E24F8-0780-EF11-81A1-005056816226,חברת מלוני השרון בע"מ,הרצליה,אלי לנדאו 4
B76E24F8-0780-EF11-81A1-005056816226,צימרים בנחת,נחם,התאנה 35
B96E24F8-0780-EF11-81A1-005056816226,קלאב הוטל אילת - קלאב הוטל ניהול (1996) בע"מ,אילת,דרך הערבה 4444
BD6E24F8-0780-EF11-81A1-005056816226,מלון קיסר טבריה  בע"מ,טבריה,הטיילת 103
BF6E24F8-0780-EF11-81A1-005056816226,מלון קיסר ירושלים  בע"מ,ירושלים,יפו 208
C16E24F8-0780-EF11-81A1-005056816226,אילנית מלונאות ספורט ונופש בע"מ,אילת,החוף הצפוני 1
C36E24F8-0780-EF11-81A1-005056816226,מלון סאטורי חיפה , חברה צפל ניהול והשקעות בעמ,חיפה,הרצל 61
C56E24F8-0780-EF11-81A1-005056816226,מלון חוף עכו  - ביכורים בתי מלון,עכו,דרך הארבעה 1
C96E24F8-0780-EF11-81A1-005056816226,בית הארחה קליה בע"מ,קליה,אין 1
D16E24F8-0780-EF11-81A1-005056816226,מלון מאייר האוס תל אביב,תל אביב - יפו,ד'יזינגוף 98
D36E24F8-0780-EF11-81A1-005056816226,מלון אקוודוקט רגבה,רגבה,מתחם סנדרין 1
D56E24F8-0780-EF11-81A1-005056816226,מלון אקוודוקט - מלון האחוזה ונוס בע"מ ח.פ 51698968,רגבה,אמנון ותמר 1
D76E24F8-0780-EF11-81A1-005056816226,מלון סינט ת'א (חברת מלונות אפריקה הגילגל בע'מ),תל אביב - יפו,נס ציונה 6
D96E24F8-0780-EF11-81A1-005056816226,דירות נופש אלמוגים אילת,אילת,משאול התנאים 4
DB6E24F8-0780-EF11-81A1-005056816226,ורה בוטיק בעמ,תל אביב - יפו,לילינבלום 27
DD6E24F8-0780-EF11-81A1-005056816226,אחוזת הספא 38 בע"מ,רחובות,משה ייתום 38
DF6E24F8-0780-EF11-81A1-005056816226,רב קוק,ירושלים,רב קוק 6A
E16E24F8-0780-EF11-81A1-005056816226,הרצל 50 תל אביב,תל אביב - יפו,הרצל 50
E36E24F8-0780-EF11-81A1-005056816226,לפין 14 תל אביב,תל אביב - יפו,לפין 14
E76E24F8-0780-EF11-81A1-005056816226,סטאי אילת,אילת,אגמונים 10
E96E24F8-0780-EF11-81A1-005056816226,מלון יפו,ירושלים,יפו 37
EB6E24F8-0780-EF11-81A1-005056816226,סטיי קוק,ירושלים,הרב קוק 7
ED6E24F8-0780-EF11-81A1-005056816226,מלון סטיי אין ירושלים,ירושלים,המלך גורג 21
EF6E24F8-0780-EF11-81A1-005056816226,חדרי אירוח איילת השחר אגש"ח בע"מ,איילת השחר,איילת השחר 1
F16E24F8-0780-EF11-81A1-005056816226,מלון דירות 1926,חיפה,משה אהרון 3
F36E24F8-0780-EF11-81A1-005056816226,מלון סילנד,תל אביב - יפו,בן יהודה 84
F56E24F8-0780-EF11-81A1-005056816226,מלון דיזינגוף גארדן,תל אביב - יפו,דיזינגוף 138
F76E24F8-0780-EF11-81A1-005056816226,מלון דיזינגוף אווניו,תל אביב - יפו,דיזינגוף 133
FB6E24F8-0780-EF11-81A1-005056816226,אלעד אלון,תל אביב - יפו,בוגרשוב 3
FF6E24F8-0780-EF11-81A1-005056816226,מלון גודסון,חיפה,יחיאל 23
016F24F8-0780-EF11-81A1-005056816226,ט.ב.א. אירוח ונופש בע"מ - מלונות דה קארדו ולה פרל,ירושלים,עוזי (יחזקאל) חסון 7
036F24F8-0780-EF11-81A1-005056816226,גו ויברנט בע"מ,תל אביב - יפו,דרך יפו (משרד) 44
056F24F8-0780-EF11-81A1-005056816226,כפר הנופש עין גב,עין גב,קיבוץ 1
076F24F8-0780-EF11-81A1-005056816226,אקסטרא קלאס השקעות בעמ,תל אביב - יפו,הכובשים 28
096F24F8-0780-EF11-81A1-005056816226,פוליהאוס מלונאות בע"מ,תל אביב - יפו,נחלת בנימין 1
0D6F24F8-0780-EF11-81A1-005056816226,ווסט תל אביב - טמרס נופש בע"מ,תל אביב - יפו,הרצל רוזנבלום 12
0F6F24F8-0780-EF11-81A1-005056816226,מורובטי נכסים מלון קולוני חיפה,חיפה,שדרות בן גוריון 28
116F24F8-0780-EF11-81A1-005056816226,מצפה אלומות,אלומות,מצפה אלומות 1
136F24F8-0780-EF11-81A1-005056816226,בית הבריאות,תובל,קיבוץ תובל 1
156F24F8-0780-EF11-81A1-005056816226,Ez Group,תל אביב - יפו,לוינסקי 61
196F24F8-0780-EF11-81A1-005056816226,מלון סרגיי פאלאס,ירושלים,הלני המלכה 13
1B6F24F8-0780-EF11-81A1-005056816226,בלובשטיין וקסמן TLV2RENT,תל אביב - יפו,אלנבי 36
1D6F24F8-0780-EF11-81A1-005056816226,ג'רושלים מוטל,ירושלים,הסורג 2
1F6F24F8-0780-EF11-81A1-005056816226,מלון מונטיפיורי ירושלים,ירושלים,שץ 7
236F24F8-0780-EF11-81A1-005056816226,מלון בסט ווסטרן ריג'נסי סוויטס,תל אביב - יפו,הירקון 80
256F24F8-0780-EF11-81A1-005056816226,סי.סי.סיטי סנטר הוטלס בע"מ,ירושלים,המלך גורג 17
276F24F8-0780-EF11-81A1-005056816226,מלון סבן סיז תל אביב,תל אביב - יפו,רציף הרברט סמואל 56
2F6F24F8-0780-EF11-81A1-005056816226,העמותה לתיירות ויזמות בירוחם,ירוחם,הדקל 181
316F24F8-0780-EF11-81A1-005056816226,אבני החושן / קפה רוטשילד,נהריה,המעפילים 1
376F24F8-0780-EF11-81A1-005056816226,מגמא תיירות בע"מ,גבעת יואב,גבעת יואב 2
396F24F8-0780-EF11-81A1-005056816226,ימה מלונאות בע"מ  - בית ורדי טבריה,טבריה,תבור 1
3B6F24F8-0780-EF11-81A1-005056816226,לוצ'י הוטלס בע"מ - מלון סול,מצפה רמון,הר ארדון 8
3D6F24F8-0780-EF11-81A1-005056816226,אלמוג ביץ' דירות נופש בע"מ,חיפה,דוד אלעזר 10
3F6F24F8-0780-EF11-81A1-005056816226,חאן דרך העץ (חברת עולם אחר בע"מ),שדמות דבורה,השקמים 34
416F24F8-0780-EF11-81A1-005056816226,מלון חוף רון בע"מ,טבריה,דרך גדוד ברק 1
436F24F8-0780-EF11-81A1-005056816226,מלון אייבקס, מרכז אירוח לקבוצות ופרטיים,מצפה רמון,הר ארדון 4
496F24F8-0780-EF11-81A1-005056816226,אירוח כפרי קיבוץ דליה,דליה,3 3
4B6F24F8-0780-EF11-81A1-005056816226,רשת כינורות תיירות ונופש בעם בע"מ,עפולה,המלאכה 25
516F24F8-0780-EF11-81A1-005056816226,מרדכי שאקיר בקתות הילה,דלתון,אין 189
556F24F8-0780-EF11-81A1-005056816226,אחוזת כינרת,מגדל,נוף הארבל 1
576F24F8-0780-EF11-81A1-005056816226,מלון הרמוני - רשת מלונות אטלס,ירושלים,סלומון 6
596F24F8-0780-EF11-81A1-005056816226,מלון ריביירה ישרוטל בע"מ,אילת,אנטיב 1
5B6F24F8-0780-EF11-81A1-005056816226,מלון ספא וילג' 31 סוויטות לאירוח כפרי,מבוא חמה,1 1
5F6F24F8-0780-EF11-81A1-005056816226,אדום ניהול נכסי יוקרה בע"מ (מתחם סי סייד),אילת,חיל הנדסה 10
616F24F8-0780-EF11-81A1-005056816226,גונס אנד גיקוב בעמ,ירושלים,מונבז 3
656F24F8-0780-EF11-81A1-005056816226,אברהם הוסטל ירושלים,ירושלים,הנביאים 67
676F24F8-0780-EF11-81A1-005056816226,אברהם הוסטל תל אביב,תל אביב - יפו,הרכבת 8
696F24F8-0780-EF11-81A1-005056816226,אברהם הוסטל אילת,אילת,סמטת שפיפון 3
6D6F24F8-0780-EF11-81A1-005056816226,מדרשת הגולן,חספין,חספין 1
6F6F24F8-0780-EF11-81A1-005056816226,מלון נומה,תל אביב - יפו,שארית ישראל 1
736F24F8-0780-EF11-81A1-005056816226,עומי,תל אביב - יפו,שלמה המלך 85
756F24F8-0780-EF11-81A1-005056816226,אלנבי 136,תל אביב - יפו,אלנבי 136
776F24F8-0780-EF11-81A1-005056816226,נחלת בינימין 25,תל אביב - יפו,נחלת בינימין 25
796F24F8-0780-EF11-81A1-005056816226,קינג ג'ורג' 79,תל אביב - יפו,קינג גורג 79
7B6F24F8-0780-EF11-81A1-005056816226,מלון יד השמונה,יד השמונה,יד השמונה 1
7F6F24F8-0780-EF11-81A1-005056816226,כפר הנופש קיבוץ גדות תיירות גדות אגש"ח בע"מ,גדות,1 1
816F24F8-0780-EF11-81A1-005056816226,פרימה מילניום,רעננה,התדהר 2
836F24F8-0780-EF11-81A1-005056816226,מ.ב מיר בר בע"מ,ירושלים,יד חרוצים 15
856F24F8-0780-EF11-81A1-005056816226,גי הוטל אילת,אילת,קאמן 3
8D6F24F8-0780-EF11-81A1-005056816226,מלון מיתרים,טבריה,אהל יעקב 15
8F6F24F8-0780-EF11-81A1-005056816226,מלון כינורות בע"מ,טבריה,זידל 9
916F24F8-0780-EF11-81A1-005056816226,התאחדות דירות האירוח בישראל,תל אביב - יפו,הירקון 185
976F24F8-0780-EF11-81A1-005056816226,נדלן גטהון מודיעין בע:מ,מגדל,השיטה 10
996F24F8-0780-EF11-81A1-005056816226,פסטורל מלון בכפר בלום,כפר בלום,כפר בלום 1
9B6F24F8-0780-EF11-81A1-005056816226,מלון זה ג'אפה תל אביב,תל אביב - יפו,לואי פסטר 2
9D6F24F8-0780-EF11-81A1-005056816226,א.י.א.ק. מלונאות בע"מ - כפר הנופש דריה,האון,כפר הנופש דריה 1
A16F24F8-0780-EF11-81A1-005056816226,מלון ארנה בת ים (כפיר קבלנות בנין בע"מ ),בת ים,שי עגנון 18
A36F24F8-0780-EF11-81A1-005056816226,חמ פרו בע"מ | מלון גלבוע,מעלה גלבוע,גלבוע 1914
A56F24F8-0780-EF11-81A1-005056816226,גרנדביי מלונות בע"מ (מלון אלכסנדר),תל אביב - יפו,חבקוק הנביא 3
A76F24F8-0780-EF11-81A1-005056816226,פרימה גליל,טבריה,אלחדיף 1
A96F24F8-0780-EF11-81A1-005056816226,פרימה פאלאס,ירושלים,פינס 2
AB6F24F8-0780-EF11-81A1-005056816226,פרימה המלכים,ירושלים,המלך ג'ורג 6 60
AD6F24F8-0780-EF11-81A1-005056816226,פרימה ורה,ירושלים,הילל 23
AF6F24F8-0780-EF11-81A1-005056816226,ג'רוזלם אין,ירושלים,יוחנן הורקנוס 7
B16F24F8-0780-EF11-81A1-005056816226,מלון דומוס בת גלים (דומוס נגב בע"מ),חיפה,שדרות בת גלים 6
B36F24F8-0780-EF11-81A1-005056816226,תל אביב 2 גו בעמ,תל אביב - יפו,מונטיפיורי 39
B56F24F8-0780-EF11-81A1-005056816226,Mr. Rothschild by TLV2GO,תל אביב - יפו,אלנבי 103
B76F24F8-0780-EF11-81A1-005056816226,Mr. Montana by TLV2GO,תל אביב - יפו,בן יהודה 107
B96F24F8-0780-EF11-81A1-005056816226,Mr. Katinsky by TLV2GO,תל אביב - יפו,נחלת בנימין 41
BB6F24F8-0780-EF11-81A1-005056816226,Mr. Louis by TLV2GO,תל אביב - יפו,פינסקר 32
BD6F24F8-0780-EF11-81A1-005056816226,Mr. Brooklyn by TLV2GO,תל אביב - יפו,דיזנגוף 288
BF6F24F8-0780-EF11-81A1-005056816226,Mr. Ben Yehuda by TLV2GO,תל אביב - יפו,בן יהודה 185
C16F24F8-0780-EF11-81A1-005056816226,Mr. Agrippa by TLV2GO,ירושלים,מזור 10
C36F24F8-0780-EF11-81A1-005056816226,איילים נדלן בעמ,תל אביב - יפו,בן יהודה 130
C56F24F8-0780-EF11-81A1-005056816226,מלון שערי ירושלים ישראל בע"מ,ירושלים,ירמיהו 43
C76F24F8-0780-EF11-81A1-005056816226,קלאב הוטל טבריה - קלאב הוטל ניהול (1996) בע"מ,טבריה,אחד העם 19
CB6F24F8-0780-EF11-81A1-005056816226,מלון מצפה הימים - ישרוטל ניהול מלונות (1981) בע"מ,ראש פינה,ת.ד 27
CD6F24F8-0780-EF11-81A1-005056816226,מרגוע הר נוף חברה לשיכון והשכרה בע"מ,הרצליה,המדע 4
D76F24F8-0780-EF11-81A1-005056816226,יונה הנביא בע"מ,תל אביב - יפו,בן צבי 2
D96F24F8-0780-EF11-81A1-005056816226,מלון רוקסון אורבן רמת גן,רמת גן,קריניצי 1
DB6F24F8-0780-EF11-81A1-005056816226,וואי הוטלס בע"מ - מלון אקויה,אילת,חיל ההנדסה 6
E36F24F8-0780-EF11-81A1-005056816226,מלון ענבר בעמ,ערד,יהודה 38
E56F24F8-0780-EF11-81A1-005056816226,דיוויד אינטרקונטיננטל,תל אביב - יפו,קויפמן 12
E76F24F8-0780-EF11-81A1-005056816226,ג.מ.ס ג'ימס מנג'מנט בע"מ מלון גרנד קורט,ירושלים,סנט ג'ורג 15
E96F24F8-0780-EF11-81A1-005056816226,אטבליסמנט נהל מלון גרנד ביץ,תל אביב - יפו,הירקון 250
EB6F24F8-0780-EF11-81A1-005056816226,מלון דיוויד ים המלח - ד ד ס הוטל מנגמנט בעמ,עין גדי,עין בוקק 1
ED6F24F8-0780-EF11-81A1-005056816226,גבעת אנדרומדה ניהול השכרות בעמ',תל אביב - יפו,לואי פסטר 3
F16F24F8-0780-EF11-81A1-005056816226,פילהום ד.מ. ישראל,תל אביב - יפו,בן יהודה 59
F36F24F8-0780-EF11-81A1-005056816226,עמיתי מלון הרצל ירושלים בע"מ  מלונות רמדה ורויאל,ירושלים,זאב וילנאי 6
F56F24F8-0780-EF11-81A1-005056816226,נורדיה מושב שיתופי של חיילים מ,נורדיה,דרך הבאר 1
F76F24F8-0780-EF11-81A1-005056816226,סי אנד רנט בע"מ,תל אביב - יפו,הרברט סמואל 32
017024F8-0780-EF11-81A1-005056816226,תיאודור בראון,תל אביב - יפו,הרצל 10
057024F8-0780-EF11-81A1-005056816226,ג'אקו בוטיק,ירושלים,ההסתדרות 2
077024F8-0780-EF11-81A1-005056816226,אירוח כפרי בית אלפא (תאגיד- אחזקות בית אלפא אגש"ח),בית אלפא,בית אלפא 1
0B7024F8-0780-EF11-81A1-005056816226,פארק נתניה,נתניה,דוד המלך 7
0D7024F8-0780-EF11-81A1-005056816226,ישראנטלס קינגסוויטס,ירושלים,מונבז 3
117024F8-0780-EF11-81A1-005056816226,צימרים 'שחרית' חברת נ.פ.א.י. תיירות ויזמות בע"מ,מצפה יריחו,גבעת ברקאי, צימרים שחרית 1
137024F8-0780-EF11-81A1-005056816226,גולד האוס,פתח תקווה,נתן צבי 9
177024F8-0780-EF11-81A1-005056816226,מלון קיטרון א.ק. ניהול תיירותי,הושעיה,אלי סיני 1
1D7024F8-0780-EF11-81A1-005056816226,TLV- אולימפיה,תל אביב - יפו,הירקון 164
217024F8-0780-EF11-81A1-005056816226,דירות 130רוק - ש . מדנס נכסים בע"מ,תל אביב - יפו,דיזינגוף 130
257024F8-0780-EF11-81A1-005056816226,מלון נגה - ישרול ניהול מלונות בע"מ,נווה זוהר,ד.נ עין בוקק 1
277024F8-0780-EF11-81A1-005056816226,פרינס פלאס רויאל ריזורט חוף הים,חדרה,רחבעם זאבי 11
297024F8-0780-EF11-81A1-005056816226,ד.ד מלון בן יהודה 34 בע"מ,תל אביב - יפו,בן יהודה 34